"Authors","Author full names","Author(s) ID","Title","Year","Source title","Volume","Issue","Art. No.","Page start","Page end","Page count","Cited by","DOI","Link","Affiliations","Authors with affiliations","Document Type","Publication Stage","Open Access","Source","EID"
"Kavitha R.; Kavitha G.; Amudha S.","Kavitha, R. (56990849900); Kavitha, G. (56830309100); Amudha, S. (57217088432)","56990849900; 56830309100; 57217088432","The impact of mobile communication on E-voting technology","2019","International Journal of Engineering and Advanced Technology","8","6 Special Issue 2","","580","583","3","0","10.35940/ijeat.F1172.0886S219","https://www.scopus.com/inward/record.uri?eid=2-s2.0-85073721517&doi=10.35940%2fijeat.F1172.0886S219&partnerID=40&md5=b722c1b62b87bd8a770cc0b0149f6b38","Department of Computer science and Engineering, Bharath Institute of Higher Education and Research, Chennai, India","Kavitha R., Department of Computer science and Engineering, Bharath Institute of Higher Education and Research, Chennai, India; Kavitha G., Department of Computer science and Engineering, Bharath Institute of Higher Education and Research, Chennai, India; Amudha S., Department of Computer science and Engineering, Bharath Institute of Higher Education and Research, Chennai, India","Article","Final","All Open Access; Bronze Open Access","Scopus","2-s2.0-85073721517"
"Pothumani S.; Kavitha R.","Pothumani, S. (55315128900); Kavitha, R. (56990849900)","55315128900; 56990849900","A novel method for bridge safety monitoring system","2019","International Journal of Engineering and Advanced Technology","8","5","","1270","1272","2","1","","https://www.scopus.com/inward/record.uri?eid=2-s2.0-85070666100&partnerID=40&md5=0eaf1409f7aafe8a1aae10d85b560a41","Bharath Institute of Higher Education & Research, BIST, Chennai, India","Pothumani S., Bharath Institute of Higher Education & Research, BIST, Chennai, India; Kavitha R., Bharath Institute of Higher Education & Research, BIST, Chennai, India","Article","Final","","Scopus","2-s2.0-85070666100"
"Kavitha R.; Kavitha G.","Kavitha, R. (56990849900); Kavitha, G. (56830309100)","56990849900; 56830309100","Disguise and request diversion using monto corlo method","2016","Journal of Chemical and Pharmaceutical Sciences","9","2","","E437","E438","1","0","","https://www.scopus.com/inward/record.uri?eid=2-s2.0-85046978810&partnerID=40&md5=66d8cad07b3ce75bc9529628ebe3b3e4","Department of CSE, Bharath University, Chennai, Tamil Nadu, India","Kavitha R., Department of CSE, Bharath University, Chennai, Tamil Nadu, India; Kavitha G., Department of CSE, Bharath University, Chennai, Tamil Nadu, India","Article","Final","","Scopus","2-s2.0-85046978810"
"Kavitha R.; Nedunchelian R.","Kavitha, R. (56990849900); Nedunchelian, R. (24829845300)","56990849900; 24829845300","Domain-specific Search engine optimization using healthcare ontology and a neural network backpropagation approach","2017","Research Journal of Biotechnology","2017","Special Issue  2","","157","166","9","222","","https://www.scopus.com/inward/record.uri?eid=2-s2.0-85042154748&partnerID=40&md5=740edf7f80747928f78c74074352000a","Saveetha School of Engineering, Saveetha University, Chennai, Tamil Nadu, India; Department of Computer Science and Engineering, Bharath University, Chennai, Tamil Nadu, India; Department of Computer Science and Engineering, Sri Venkateswara College of Engineering, Chennai, Tamil Nadu, India","Kavitha R., Saveetha School of Engineering, Saveetha University, Chennai, Tamil Nadu, India, Department of Computer Science and Engineering, Bharath University, Chennai, Tamil Nadu, India; Nedunchelian R., Department of Computer Science and Engineering, Sri Venkateswara College of Engineering, Chennai, Tamil Nadu, India","Article","Final","","Scopus","2-s2.0-85042154748"
"Malathi K.; Kavitha R.; Liza M.K.","Malathi, K. (56294527300); Kavitha, R. (56990849900); Liza, M.K. (57221600484)","56294527300; 56990849900; 57221600484","Pixel based method for Text to Image Encryption","2020","Proceedings of the 4th International Conference on Electronics, Communication and Aerospace Technology, ICECA 2020","","","9297478","1001","1004","3","5","10.1109/ICECA49313.2020.9297478","https://www.scopus.com/inward/record.uri?eid=2-s2.0-85099570423&doi=10.1109%2fICECA49313.2020.9297478&partnerID=40&md5=41f55e692b8f190ffe27bac533ec8b8f","Saveetha Institute of Medical and Technical Sciences, Saveetha School of Engineering, Department of Computer Science and Engineering, Chennai, Tamil Nadu, India; Srmist, Department of Information Technology, Ramapuram Chennai, TN, India","Malathi K., Saveetha Institute of Medical and Technical Sciences, Saveetha School of Engineering, Department of Computer Science and Engineering, Chennai, Tamil Nadu, India; Kavitha R., Srmist, Department of Information Technology, Ramapuram Chennai, TN, India; Liza M.K., Srmist, Department of Information Technology, Ramapuram Chennai, TN, India","Conference paper","Final","","Scopus","2-s2.0-85099570423"
"Rajakani M.; Kavitha R.J.; Ramachandran A.","Rajakani, M. (56880390200); Kavitha, R.J. (56990849900); Ramachandran, A. (57218933389)","56880390200; 56990849900; 57218933389","Adaptive Window Based 3-D Feature Selection for Multispectral Image Classification Using Firefly Algorithm","2022","Computer Systems Science and Engineering","44","1","","265","280","15","2","10.32604/csse.2023.024994","https://www.scopus.com/inward/record.uri?eid=2-s2.0-85131380770&doi=10.32604%2fcsse.2023.024994&partnerID=40&md5=76602a1b524ee9a4a314dd640df20d2b","Full Time Research Scholar, Department of Electronics and Communication Engineering, University College of Engineering, Panruti, 607106, India; Department of Electronics and Communication Engineering, University College of Engineering, Panruti, 607106, India; Department of Computer Science and Engineering, University College of Engineering, Panruti, 607106, India","Rajakani M., Full Time Research Scholar, Department of Electronics and Communication Engineering, University College of Engineering, Panruti, 607106, India; Kavitha R.J., Department of Electronics and Communication Engineering, University College of Engineering, Panruti, 607106, India; Ramachandran A., Department of Computer Science and Engineering, University College of Engineering, Panruti, 607106, India","Article","Final","All Open Access; Hybrid Gold Open Access","Scopus","2-s2.0-85131380770"
"Pothumani S.; Kavitha R.; Sri Vidhya S.R.","Pothumani, S. (55315128900); Kavitha, R. (56990849900); Sri Vidhya, S.R. (57213197175)","55315128900; 56990849900; 57213197175","The effective method on fuzzy with steganography","2019","International Journal of Engineering and Advanced Technology","8","6 Special Issue 2","","611","614","3","0","10.35940/ijeat.F1180.0886S219","https://www.scopus.com/inward/record.uri?eid=2-s2.0-85073757758&doi=10.35940%2fijeat.F1180.0886S219&partnerID=40&md5=0c20840176366cfabde083221a0de587","Department of Computer science and Engineering, Bharath Institute of Higher Education and Research, Chennai, Tamilnadu, India","Pothumani S., Department of Computer science and Engineering, Bharath Institute of Higher Education and Research, Chennai, Tamilnadu, India; Kavitha R., Department of Computer science and Engineering, Bharath Institute of Higher Education and Research, Chennai, Tamilnadu, India; Sri Vidhya S.R., Department of Computer science and Engineering, Bharath Institute of Higher Education and Research, Chennai, Tamilnadu, India","Article","Final","All Open Access; Bronze Open Access","Scopus","2-s2.0-85073757758"
"Sri Vidhya S.R.; Kavitha R.; Sadagopan S.","Sri Vidhya, S.R. (57213197175); Kavitha, R. (56990849900); Sadagopan, S. (57210976776)","57213197175; 56990849900; 57210976776","Certifiable, mobile configurations for the look aside buffer","2019","International Journal of Recent Technology and Engineering","8","2 Special Issue 8","","432","435","3","0","10.35940/ijrte.B1404.0882S819","https://www.scopus.com/inward/record.uri?eid=2-s2.0-85073479205&doi=10.35940%2fijrte.B1404.0882S819&partnerID=40&md5=eb8a051341366d7bd81e63cefb58c9cd","Department of Computer Science and Engineering, Bharath Institute of Higher Education and Research, Chennai, India","Sri Vidhya S.R., Department of Computer Science and Engineering, Bharath Institute of Higher Education and Research, Chennai, India; Kavitha R., Department of Computer Science and Engineering, Bharath Institute of Higher Education and Research, Chennai, India; Sadagopan S., Department of Computer Science and Engineering, Bharath Institute of Higher Education and Research, Chennai, India","Article","Final","All Open Access; Bronze Open Access","Scopus","2-s2.0-85073479205"
"Kavitha R.; Kavitha G.; Srividhya S.R.","Kavitha, R. (56990849900); Kavitha, G. (56830309100); Srividhya, S.R. (57213197175)","56990849900; 56830309100; 57213197175","Protected entree design for big data knowledge in cloud","2019","International Journal of Innovative Technology and Exploring Engineering","8","9 Special Issue 3","","586","588","2","0","10.35940/ijitee.I3117.0789S319","https://www.scopus.com/inward/record.uri?eid=2-s2.0-85072110203&doi=10.35940%2fijitee.I3117.0789S319&partnerID=40&md5=9c50ba5f039e763a1c9cb715631dbe2f","Department of Computer Science & Engineering, Bharath Institute of Higher education and Research, Chennai, India","Kavitha R., Department of Computer Science & Engineering, Bharath Institute of Higher education and Research, Chennai, India; Kavitha G., Department of Computer Science & Engineering, Bharath Institute of Higher education and Research, Chennai, India; Srividhya S.R., Department of Computer Science & Engineering, Bharath Institute of Higher education and Research, Chennai, India","Article","Final","All Open Access; Bronze Open Access","Scopus","2-s2.0-85072110203"
"Kavitha R.; Sangeetha S.; Varghese A.G.","Kavitha, R. (56990849900); Sangeetha, S. (58494620000); Varghese, Allin Geo (57210979621)","56990849900; 58494620000; 57210979621","Human activity patterns in big data for healthcare applications","2019","International Journal of Innovative Technology and Exploring Engineering","8","9 Special Issue 3","","1101","1103","2","87","10.35940/ijitee.I3237.0789S319","https://www.scopus.com/inward/record.uri?eid=2-s2.0-85072132122&doi=10.35940%2fijitee.I3237.0789S319&partnerID=40&md5=b8baeb13a380e496741b5d992ea02549","Department of Computer Science & Engineering, Bharath Institute of Higher Education and Research, Chennai, India","Kavitha R., Department of Computer Science & Engineering, Bharath Institute of Higher Education and Research, Chennai, India; Sangeetha S., Department of Computer Science & Engineering, Bharath Institute of Higher Education and Research, Chennai, India; Varghese A.G., Department of Computer Science & Engineering, Bharath Institute of Higher Education and Research, Chennai, India","Article","Final","All Open Access; Bronze Open Access","Scopus","2-s2.0-85072132122"
"Abirami A.; Kavitha R.","Abirami, A. (57211921345); Kavitha, R. (56990849900)","57211921345; 56990849900","Diabetic Retinopathy Image Recognition Using Artificial Intelligence","2023","2023 World Conference on Communication and Computing, WCONF 2023","","","","","","","0","10.1109/WCONF58270.2023.10235120","https://www.scopus.com/inward/record.uri?eid=2-s2.0-85172989497&doi=10.1109%2fWCONF58270.2023.10235120&partnerID=40&md5=a980a2ff6f801b837cdca35bf7254712","SRM Institute of Science and Technology, Department of CSE, Kattankulathur, India; SRM Institute of Science and Technology, Department of IT, Ramapuram, India","Abirami A., SRM Institute of Science and Technology, Department of CSE, Kattankulathur, India; Kavitha R., SRM Institute of Science and Technology, Department of IT, Ramapuram, India","Conference paper","Final","","Scopus","2-s2.0-85172989497"
"Velvizhi R.; Kavitha R.; Vimala D.","Velvizhi, R. (57210977000); Kavitha, R. (56990849900); Vimala, D. (57210210076)","57210977000; 56990849900; 57210210076","A case for heterogeneous procedures on model checking","2019","International Journal of Innovative Technology and Exploring Engineering","8","9 Special Issue 3","","1048","1051","3","0","10.35940/ijitee.I3225.0789S319","https://www.scopus.com/inward/record.uri?eid=2-s2.0-85072111416&doi=10.35940%2fijitee.I3225.0789S319&partnerID=40&md5=53d3ac05131176c02a5984283c54ea97","Department of Computer Science and Engineering, Bharath Institute of Higher education and research, Chennai, India","Velvizhi R., Department of Computer Science and Engineering, Bharath Institute of Higher education and research, Chennai, India; Kavitha R., Department of Computer Science and Engineering, Bharath Institute of Higher education and research, Chennai, India; Vimala D., Department of Computer Science and Engineering, Bharath Institute of Higher education and research, Chennai, India","Article","Final","All Open Access; Bronze Open Access","Scopus","2-s2.0-85072111416"
"Kavitha R.; Malathi K.; Kunjachen L.M.","Kavitha, R. (56990849900); Malathi, K. (56294527300); Kunjachen, Liza. M. (57221600484)","56990849900; 56294527300; 57221600484","Interference of cyber endanger using support vector machine","2020","2020 International Conference on Computer Communication and Informatics, ICCCI 2020","","","9104211","","","","0","10.1109/ICCCI48352.2020.9104211","https://www.scopus.com/inward/record.uri?eid=2-s2.0-85087072386&doi=10.1109%2fICCCI48352.2020.9104211&partnerID=40&md5=630dab0cfb4dafe1a36484fb1b516535","Dept of IT, SRMIST, Ramapuram, Bharathi Salai, Chennai-89, India; Dept of CSE, SSE, Saveetha University, Savetha Naagr, Thandalam, Chennai, India","Kavitha R., Dept of IT, SRMIST, Ramapuram, Bharathi Salai, Chennai-89, India; Malathi K., Dept of CSE, SSE, Saveetha University, Savetha Naagr, Thandalam, Chennai, India; Kunjachen L.M., Dept of IT, SRMIST, Ramapuram, Bharathi Salai, Chennai-89, India","Conference paper","Final","","Scopus","2-s2.0-85087072386"
"Velvizhi R.; Kavitha G.; Kavitha R.","Velvizhi, R. (57210977000); Kavitha, G. (56830309100); Kavitha, R. (56990849900)","57210977000; 56830309100; 56990849900","Harmful effect of transistors on users","2019","International Journal of Innovative Technology and Exploring Engineering","8","9 Special Issue 3","","1215","1218","3","0","10.35940/ijitee.i3268.0789s319","https://www.scopus.com/inward/record.uri?eid=2-s2.0-85072115815&doi=10.35940%2fijitee.i3268.0789s319&partnerID=40&md5=182c275bdecbd14142297f64dc533cd2","Department of Computer Science and Engineering, Bharath Institute of Higher education and research, Chennai, India","Velvizhi R., Department of Computer Science and Engineering, Bharath Institute of Higher education and research, Chennai, India; Kavitha G., Department of Computer Science and Engineering, Bharath Institute of Higher education and research, Chennai, India; Kavitha R., Department of Computer Science and Engineering, Bharath Institute of Higher education and research, Chennai, India","Article","Final","All Open Access; Bronze Open Access","Scopus","2-s2.0-85072115815"
"Kavitha R.; Pothumani S.","Kavitha, R. (56990849900); Pothumani, S. (55315128900)","56990849900; 55315128900","Solutions for carrying analytics on bigdata and cloud","2019","International Journal of Engineering and Advanced Technology","8","5","","1211","1215","4","0","","https://www.scopus.com/inward/record.uri?eid=2-s2.0-85070713701&partnerID=40&md5=aa12c04fd2bee9e22c4788bf9c03d284","Computer Science & Engineering, Bharath Institute of Higher Education & Research, BIST, Chennai, Tamilnadu, India","Kavitha R., Computer Science & Engineering, Bharath Institute of Higher Education & Research, BIST, Chennai, Tamilnadu, India; Pothumani S., Computer Science & Engineering, Bharath Institute of Higher Education & Research, BIST, Chennai, Tamilnadu, India","Article","Final","","Scopus","2-s2.0-85070713701"
"Udayakumar R.; Kaliyamurthie K.P.; Kavitha R.","Udayakumar, R. (55774455600); Kaliyamurthie, K.P. (55772930800); Kavitha, R. (56990849900)","55774455600; 55772930800; 56990849900","A training on data security in cloud computing employing effusively homomorphic encryption techniques","2018","Eurasian Journal of Analytical Chemistry","13","3","","975","981","6","0","","https://www.scopus.com/inward/record.uri?eid=2-s2.0-85089764282&partnerID=40&md5=62aefa10c3c73f9fa0a9027964625d1c","Department of IT, BIST, BIHER, Bharath Institute of Higher Education and Research, Selaiyur, Chennai, India; Department of Computer Science and Engineering, BIST, BIHER, Bharath Institute of Higher Education and Research, Selaiyur, Chennai, India","Udayakumar R., Department of IT, BIST, BIHER, Bharath Institute of Higher Education and Research, Selaiyur, Chennai, India; Kaliyamurthie K.P., Department of Computer Science and Engineering, BIST, BIHER, Bharath Institute of Higher Education and Research, Selaiyur, Chennai, India; Kavitha R., Department of Computer Science and Engineering, BIST, BIHER, Bharath Institute of Higher Education and Research, Selaiyur, Chennai, India","Article","Final","","Scopus","2-s2.0-85089764282"
"Varghese A.G.; Kavitha R.; Michael G.","Varghese, Allin Geo (57210979621); Kavitha, R. (56990849900); Michael, G. (56924800500)","57210979621; 56990849900; 56924800500","Blockchain and it’s applications in various fields","2019","International Journal of Innovative Technology and Exploring Engineering","8","9 Special Issue 3","","495","499","4","0","10.35940/ijitee.I3094.0789S319","https://www.scopus.com/inward/record.uri?eid=2-s2.0-85072101781&doi=10.35940%2fijitee.I3094.0789S319&partnerID=40&md5=bc084a326f8299114573bcb315bd23a7","Department of Computer Science and Engineering, Bharath Institute of Higher education and research, Chennai, India","Varghese A.G., Department of Computer Science and Engineering, Bharath Institute of Higher education and research, Chennai, India; Kavitha R., Department of Computer Science and Engineering, Bharath Institute of Higher education and research, Chennai, India; Michael G., Department of Computer Science and Engineering, Bharath Institute of Higher education and research, Chennai, India","Article","Final","All Open Access; Bronze Open Access","Scopus","2-s2.0-85072101781"
"Rajesh P.; Kavitha R.","Rajesh, P. (56767773900); Kavitha, R. (56990849900)","56767773900; 56990849900","Elderly people activity monitoring with involved binary sensors and Deep Convolution Neural Network","2022","Neural Computing and Applications","","","","","","","0","10.1007/s00521-022-07268-4","https://www.scopus.com/inward/record.uri?eid=2-s2.0-85133572662&doi=10.1007%2fs00521-022-07268-4&partnerID=40&md5=106807bc2f026676293dcafb7223e4a9","Department of Computer Science & Engineering, Vel Tech Rangarajan Dr. Sagunthala R&D Institute of Science and Technology, Tamil Nadu, Chennai, India","Rajesh P., Department of Computer Science & Engineering, Vel Tech Rangarajan Dr. Sagunthala R&D Institute of Science and Technology, Tamil Nadu, Chennai, India; Kavitha R., Department of Computer Science & Engineering, Vel Tech Rangarajan Dr. Sagunthala R&D Institute of Science and Technology, Tamil Nadu, Chennai, India","Article","Article in press","","Scopus","2-s2.0-85133572662"
"Sivaraman K.; Kavitha R.; Anuratha C.","Sivaraman, K. (56925016000); Kavitha, R. (56990849900); Anuratha, C. (56049807400)","56925016000; 56990849900; 56049807400","Information security in cloud computing utilizing fully homomorphic encryption techniques","2019","International Journal of Engineering and Advanced Technology","8","6 Special Issue 2","","679","683","4","0","10.35940/ijeat.F1251.0886S219","https://www.scopus.com/inward/record.uri?eid=2-s2.0-85073745379&doi=10.35940%2fijeat.F1251.0886S219&partnerID=40&md5=05700cad288dd6f6b2b59c3c21d0d5a6","Department of CSE, Bharath Institute of Higher education and research, Tamilnadu, India","Sivaraman K., Department of CSE, Bharath Institute of Higher education and research, Tamilnadu, India; Kavitha R., Department of CSE, Bharath Institute of Higher education and research, Tamilnadu, India; Anuratha C., Department of CSE, Bharath Institute of Higher education and research, Tamilnadu, India","Article","Final","All Open Access; Bronze Open Access","Scopus","2-s2.0-85073745379"
"Kavitha G.; Thooyamani K.P.; Kavitha R.","Kavitha, G. (56830309100); Thooyamani, K.P. (36870283900); Kavitha, R. (56990849900)","56830309100; 36870283900; 56990849900","Comparing checksums by symmetric encryption","2019","International Journal of Recent Technology and Engineering","8","2 Special Issue 8","","552","554","2","0","10.35940/ijrte.B1436.0882S819","https://www.scopus.com/inward/record.uri?eid=2-s2.0-85073467724&doi=10.35940%2fijrte.B1436.0882S819&partnerID=40&md5=6242ac16e5245e484421027e96172dfe","Department of CSE, Bharath Institute of Higher Education & Research, TamilNAdu, India","Kavitha G., Department of CSE, Bharath Institute of Higher Education & Research, TamilNAdu, India; Thooyamani K.P., Department of CSE, Bharath Institute of Higher Education & Research, TamilNAdu, India; Kavitha R., Department of CSE, Bharath Institute of Higher Education & Research, TamilNAdu, India","Article","Final","All Open Access; Bronze Open Access","Scopus","2-s2.0-85073467724"
"Priya N.; Anuradha C.; Kavitha R.; Vimala D.","Priya, N. (57190312145); Anuradha, C. (56049807400); Kavitha, R. (56990849900); Vimala, D. (57210210076)","57190312145; 56049807400; 56990849900; 57210210076","Analysing data mining applications in healthcare sector","2019","International Journal of Innovative Technology and Exploring Engineering","8","9 Special Issue 3","","1119","1122","3","2","10.35940/ijitee.I3242.0789S319","https://www.scopus.com/inward/record.uri?eid=2-s2.0-85072106596&doi=10.35940%2fijitee.I3242.0789S319&partnerID=40&md5=4ae2fcce3e7fe66e1a47515fdc6f438f","Department of Computer Science and Engineering, Bharath Institute of Higher Education and Research, Chennai, India","Priya N., Department of Computer Science and Engineering, Bharath Institute of Higher Education and Research, Chennai, India; Anuradha C., Department of Computer Science and Engineering, Bharath Institute of Higher Education and Research, Chennai, India; Kavitha R., Department of Computer Science and Engineering, Bharath Institute of Higher Education and Research, Chennai, India; Vimala D., Department of Computer Science and Engineering, Bharath Institute of Higher Education and Research, Chennai, India","Article","Final","All Open Access; Bronze Open Access","Scopus","2-s2.0-85072106596"
"Udayakumar R.; Kaliyamurthie K.P.; Kavitha R.","Udayakumar, R. (55774455600); Kaliyamurthie, K.P. (55772930800); Kavitha, R. (56990849900)","55774455600; 55772930800; 56990849900","An efficient way of implementing omniscient algorithms for the world wide web","2018","Eurasian Journal of Analytical Chemistry","13","3","","1207","1213","6","1","","https://www.scopus.com/inward/record.uri?eid=2-s2.0-85076867441&partnerID=40&md5=a2a352ceb59f811a08e4a9f5a8ba5eac","Department of IT, BIST, BIHER, Bharath Institute of Higher Education and Research, Selaiyur, Chennai, India; Department of Computer Science and Engineering, BIST, BIHER, Bharath Institute of Higher Education and Research, Selaiyur, Chennai, India","Udayakumar R., Department of IT, BIST, BIHER, Bharath Institute of Higher Education and Research, Selaiyur, Chennai, India; Kaliyamurthie K.P., Department of Computer Science and Engineering, BIST, BIHER, Bharath Institute of Higher Education and Research, Selaiyur, Chennai, India; Kavitha R., Department of Computer Science and Engineering, BIST, BIHER, Bharath Institute of Higher Education and Research, Selaiyur, Chennai, India","Article","Final","","Scopus","2-s2.0-85076867441"
"Kavitha R.; Kavitha G.; Sangeetha S.; Michael G.","Kavitha, R. (56990849900); Kavitha, G. (56830309100); Sangeetha, S. (58494620000); Michael, G. (56924800500)","56990849900; 56830309100; 58494620000; 56924800500","Relationship identification & prophecy of diseases connection using micro-Rna of genomic facts","2019","International Journal of Innovative Technology and Exploring Engineering","8","9 Special Issue 3","","969","974","5","0","10.35940/ijitee.I3206.0789S319","https://www.scopus.com/inward/record.uri?eid=2-s2.0-85072103245&doi=10.35940%2fijitee.I3206.0789S319&partnerID=40&md5=00edf93c29686a12d8196365cb0b0b22","Department of CSE, Bharath Institute of Higher Education and Research, Chennai, Tamilnadu, India","Kavitha R., Department of CSE, Bharath Institute of Higher Education and Research, Chennai, Tamilnadu, India; Kavitha G., Department of CSE, Bharath Institute of Higher Education and Research, Chennai, Tamilnadu, India; Sangeetha S., Department of CSE, Bharath Institute of Higher Education and Research, Chennai, Tamilnadu, India; Michael G., Department of CSE, Bharath Institute of Higher Education and Research, Chennai, Tamilnadu, India","Article","Final","All Open Access; Bronze Open Access","Scopus","2-s2.0-85072103245"
"Kavitha R.; Sangeetha S.","Kavitha, R. (56990849900); Sangeetha, S. (58494620000)","56990849900; 58494620000","The influence of cooperative models on replicated cryptanalysis","2019","International Journal of Engineering and Advanced Technology","8","5","","1231","1234","3","0","","https://www.scopus.com/inward/record.uri?eid=2-s2.0-85070721083&partnerID=40&md5=33ec32bf9223aa75f93aac902e430847","Department of CSE, Bharath Institute of Higher Education and Research, India","Kavitha R., Department of CSE, Bharath Institute of Higher Education and Research, India; Sangeetha S., Department of CSE, Bharath Institute of Higher Education and Research, India","Article","Final","","Scopus","2-s2.0-85070721083"
"Malathi K.; Kavitha R.","Malathi, K. (56294527300); Kavitha, R. (56990849900)","56294527300; 56990849900","Recognition and classification of diabetic retinopathy utilizing digital fundus image with hybrid algorithms","2019","International Journal of Engineering and Advanced Technology","9","1","","109","122","13","65","10.35940/ijeat.A1058.109119","https://www.scopus.com/inward/record.uri?eid=2-s2.0-85074671192&doi=10.35940%2fijeat.A1058.109119&partnerID=40&md5=09f93d1a9133f3ebf8156cdbb72f08a0","Saveetha School of Engineering, Saveetha Institute of Medical and Technical Sciences, Chennai, India; Information Technology SRM IST, Ramapuram, Chennai, India","Malathi K., Saveetha School of Engineering, Saveetha Institute of Medical and Technical Sciences, Chennai, India; Kavitha R., Information Technology SRM IST, Ramapuram, Chennai, India","Article","Final","All Open Access; Bronze Open Access","Scopus","2-s2.0-85074671192"
"Arumugam P.; Sangeetha S.; Krishna Kumar T.; Kavitha R.","Arumugam, P. (57210430548); Sangeetha, S. (58494620000); Krishna Kumar, T. (57191663357); Kavitha, R. (56990849900)","57210430548; 58494620000; 57191663357; 56990849900","Game-theoretic, cooperative technology for congestion control","2019","International Journal of Engineering and Advanced Technology","8","5","","1259","1262","3","0","","https://www.scopus.com/inward/record.uri?eid=2-s2.0-85070701169&partnerID=40&md5=6d950364e54b871823d6e6dbfdc62844","Department of CSE, Bharath Institute of Higher Education and Research, India","Arumugam P., Department of CSE, Bharath Institute of Higher Education and Research, India; Sangeetha S., Department of CSE, Bharath Institute of Higher Education and Research, India; Krishna Kumar T.; Kavitha R., Department of CSE, Bharath Institute of Higher Education and Research, India","Article","Final","","Scopus","2-s2.0-85070701169"
"Harikrishna T.; Rajabhushanam C.; Michael G.; Kavitha R.","Harikrishna, Timmana (57209684977); Rajabhushanam, C. (54890714100); Michael, G. (56924800500); Kavitha, R. (56990849900)","57209684977; 54890714100; 56924800500; 56990849900","Liver disorderprognosis with apache spark random forest and gradient booster algorithms","2019","International Journal of Innovative Technology and Exploring Engineering","8","9 Special Issue 3","","615","620","5","0","10.35940/ijitee.I3123.0789S319","https://www.scopus.com/inward/record.uri?eid=2-s2.0-85072104757&doi=10.35940%2fijitee.I3123.0789S319&partnerID=40&md5=35b58da8039670ac8a30492a5c2c0ba6","Department of Computer Science & Engineering, Bharath Institute of Higher education and Research, Chennai, Tamilnadu, India","Harikrishna T., Department of Computer Science & Engineering, Bharath Institute of Higher education and Research, Chennai, Tamilnadu, India; Rajabhushanam C., Department of Computer Science & Engineering, Bharath Institute of Higher education and Research, Chennai, Tamilnadu, India; Michael G., Department of Computer Science & Engineering, Bharath Institute of Higher education and Research, Chennai, Tamilnadu, India; Kavitha R., Department of Computer Science & Engineering, Bharath Institute of Higher education and Research, Chennai, Tamilnadu, India","Article","Final","All Open Access; Bronze Open Access","Scopus","2-s2.0-85072104757"
"Kavitha R.; Kavitha G.","Kavitha, R. (56990849900); Kavitha, G. (56830309100)","56990849900; 56830309100","An organization for software distinct networks based on Many-valued logic","2016","Journal of Chemical and Pharmaceutical Sciences","9","2","","E439","E442","3","0","","https://www.scopus.com/inward/record.uri?eid=2-s2.0-85047376337&partnerID=40&md5=9c64d61fa934743b933bbfc2d999340f","Department of CSE, Bharath University, Chennai, Tamil Nadu, India","Kavitha R., Department of CSE, Bharath University, Chennai, Tamil Nadu, India; Kavitha G., Department of CSE, Bharath University, Chennai, Tamil Nadu, India","Article","Final","","Scopus","2-s2.0-85047376337"
"Srividhya S.R.; Kavitha R.; Linda I.M.","Srividhya, S.R. (57213197175); Kavitha, R. (56990849900); Linda, I. Mary (57210213200)","57213197175; 56990849900; 57210213200","Certifiable, mobile configurations for the lookaside buffer","2019","International Journal of Innovative Technology and Exploring Engineering","8","9 Special Issue 3","","536","539","3","0","10.35940/ijitee.I3104.0789S319","https://www.scopus.com/inward/record.uri?eid=2-s2.0-85072117114&doi=10.35940%2fijitee.I3104.0789S319&partnerID=40&md5=80b912bffe97055d4da47c2b5c6ec255","Department of Computer Science & Engineering, Bharath Institute of Higher education and Research, Chennai, India","Srividhya S.R., Department of Computer Science & Engineering, Bharath Institute of Higher education and Research, Chennai, India; Kavitha R., Department of Computer Science & Engineering, Bharath Institute of Higher education and Research, Chennai, India; Linda I.M., Department of Computer Science & Engineering, Bharath Institute of Higher education and Research, Chennai, India","Article","Final","All Open Access; Bronze Open Access","Scopus","2-s2.0-85072117114"
"Kavitha G.; Kavitha R.","Kavitha, G. (56830309100); Kavitha, R. (56990849900)","56830309100; 56990849900","Dipping interference to supplement throughput in MANET","2016","Journal of Chemical and Pharmaceutical Sciences","9","2","","E357","E360","3","222","","https://www.scopus.com/inward/record.uri?eid=2-s2.0-85032674878&partnerID=40&md5=76d4c5a8e3f77a42a29c8abc952e2f5d","Department of CSE, Bharath University, Chennai, Tamil Nadu, India","Kavitha G., Department of CSE, Bharath University, Chennai, Tamil Nadu, India; Kavitha R., Department of CSE, Bharath University, Chennai, Tamil Nadu, India","Article","Final","","Scopus","2-s2.0-85032674878"
"Anuradha C.; Pothumani S.; Kavitha R.","Anuradha, C. (56049807400); Pothumani, S. (55315128900); Kavitha, R. (56990849900)","56049807400; 55315128900; 56990849900","A novel method towards E-commerce","2019","International Journal of Engineering and Advanced Technology","8","6 Special Issue 2","","535","538","3","0","10.35940/ijeat.F1157.0886S219","https://www.scopus.com/inward/record.uri?eid=2-s2.0-85073755467&doi=10.35940%2fijeat.F1157.0886S219&partnerID=40&md5=47adf27790bfeea2987daa3183ffe44b","Department of CSE, Bharath Institute of Higher education & research, Tamilnadu, India","Anuradha C., Department of CSE, Bharath Institute of Higher education & research, Tamilnadu, India; Pothumani S., Department of CSE, Bharath Institute of Higher education & research, Tamilnadu, India; Kavitha R., Department of CSE, Bharath Institute of Higher education & research, Tamilnadu, India","Article","Final","All Open Access; Bronze Open Access","Scopus","2-s2.0-85073755467"
"Kavitha R.; Kavitha G.; Mary Linda I.","Kavitha, R. (56990849900); Kavitha, G. (56830309100); Mary Linda, I. (57210213200)","56990849900; 56830309100; 57210213200","Reliable, constant-time, robust models for massive multiplayer online role-playing games","2019","International Journal of Engineering and Advanced Technology","8","6 Special Issue 2","","551","553","2","0","10.35940/ijeat.F1163.0886S219","https://www.scopus.com/inward/record.uri?eid=2-s2.0-85073747361&doi=10.35940%2fijeat.F1163.0886S219&partnerID=40&md5=1fc41e11a09689bb298b47fe656996c7","Department of Computer science and Engineering, Bharath Institute of Higher Education and Research, Chennai, Tamilnadu, India","Kavitha R., Department of Computer science and Engineering, Bharath Institute of Higher Education and Research, Chennai, Tamilnadu, India; Kavitha G., Department of Computer science and Engineering, Bharath Institute of Higher Education and Research, Chennai, Tamilnadu, India; Mary Linda I., Department of Computer science and Engineering, Bharath Institute of Higher Education and Research, Chennai, Tamilnadu, India","Article","Final","All Open Access; Bronze Open Access","Scopus","2-s2.0-85073747361"
"Abirami A.; Kavitha R.","Abirami, A. (57211921345); Kavitha, R. (56990849900)","57211921345; 56990849900","An efficient early detection of diabetic retinopathy using dwarf mongoose optimization based deep belief network","2022","Concurrency and Computation: Practice and Experience","34","28","e7364","","","","8","10.1002/cpe.7364","https://www.scopus.com/inward/record.uri?eid=2-s2.0-85139486643&doi=10.1002%2fcpe.7364&partnerID=40&md5=01dbbd96ca2c9f4e1ed3831515bd50f5","Research Scholar, Department of Computer Science and Engineering, SRM Institute of Science and Technology, SRM University, Chennai, India; Department of Information Technology, SRM Institute of Science and Technology, SRM University, Chennai, India","Abirami A., Research Scholar, Department of Computer Science and Engineering, SRM Institute of Science and Technology, SRM University, Chennai, India; Kavitha R., Department of Information Technology, SRM Institute of Science and Technology, SRM University, Chennai, India","Article","Final","","Scopus","2-s2.0-85139486643"
"Pothumani S.; Kavitha R.; Velvizhi R.","Pothumani, S. (55315128900); Kavitha, R. (56990849900); Velvizhi, R. (57210977000)","55315128900; 56990849900; 57210977000","A novel method to analyze hash tables","2019","International Journal of Engineering and Advanced Technology","8","6 Special Issue 2","","217","220","3","0","10.35940/ijeat.F1058.0886S219","https://www.scopus.com/inward/record.uri?eid=2-s2.0-85073758338&doi=10.35940%2fijeat.F1058.0886S219&partnerID=40&md5=0408352e4fc054b13f4c30c0a9d16b9b","Department of Computer science and Engineering, Bharath Institute of Higher Education and Research, Chennai, Tamilnadu, India","Pothumani S., Department of Computer science and Engineering, Bharath Institute of Higher Education and Research, Chennai, Tamilnadu, India; Kavitha R., Department of Computer science and Engineering, Bharath Institute of Higher Education and Research, Chennai, Tamilnadu, India; Velvizhi R., Department of Computer science and Engineering, Bharath Institute of Higher Education and Research, Chennai, Tamilnadu, India","Article","Final","All Open Access; Bronze Open Access","Scopus","2-s2.0-85073758338"
"Udayakumar R.; Kaliyamurthie K.P.; Kavitha R.","Udayakumar, R. (55774455600); Kaliyamurthie, K.P. (55772930800); Kavitha, R. (56990849900)","55774455600; 55772930800; 56990849900","Stabilizing preserve and confidentiality in mobile cloud computing","2018","Eurasian Journal of Analytical Chemistry","13","3","","982","988","6","0","","https://www.scopus.com/inward/record.uri?eid=2-s2.0-85076867214&partnerID=40&md5=aad8e52231e84133e6ab8b692a70c770","Department of IT, BIST, BIHER, Bharath Institute of Higher Education and Research, Selaiyur, Chennai, India; Department of Computer Science and Engineering, BIST, BIHER, Bharath Institute of Higher Education and Research, Selaiyur, Chennai, India","Udayakumar R., Department of IT, BIST, BIHER, Bharath Institute of Higher Education and Research, Selaiyur, Chennai, India; Kaliyamurthie K.P., Department of Computer Science and Engineering, BIST, BIHER, Bharath Institute of Higher Education and Research, Selaiyur, Chennai, India; Kavitha R., Department of Computer Science and Engineering, BIST, BIHER, Bharath Institute of Higher Education and Research, Selaiyur, Chennai, India","Article","Final","","Scopus","2-s2.0-85076867214"
"Udayakumar R.; Kaliyamurthie K.P.; Kavitha R.","Udayakumar, R. (55774455600); Kaliyamurthie, K.P. (55772930800); Kavitha, R. (56990849900)","55774455600; 55772930800; 56990849900","An efficient way of implementing interposable, assorted symmetries for thin clients","2018","Eurasian Journal of Analytical Chemistry","13","3","","1201","1206","5","0","","https://www.scopus.com/inward/record.uri?eid=2-s2.0-85076867458&partnerID=40&md5=457703ce4ae0c589d8948da74563b4ef","Department of IT, BIST, BIHER, Bharath Institute of Higher Education and Research, Selaiyur, Chennai, India; Department of Computer Science and Engineering, BIST, BIHER, Bharath Institute of Higher Education and Research, Selaiyur, Chennai, India","Udayakumar R., Department of IT, BIST, BIHER, Bharath Institute of Higher Education and Research, Selaiyur, Chennai, India; Kaliyamurthie K.P., Department of Computer Science and Engineering, BIST, BIHER, Bharath Institute of Higher Education and Research, Selaiyur, Chennai, India; Kavitha R., Department of Computer Science and Engineering, BIST, BIHER, Bharath Institute of Higher Education and Research, Selaiyur, Chennai, India","Article","Final","","Scopus","2-s2.0-85076867458"
"Malathi K.; Kavitha R.; Liza M.K.","Malathi, K. (56294527300); Kavitha, R. (56990849900); Liza, M.K. (57221600484)","56294527300; 56990849900; 57221600484","Highly contrasting image colorization with deep learning","2020","Proceedings of 2020 IEEE International Conference on Advances and Developments in Electrical and Electronics Engineering, ICADEE 2020","","","9368936","","","","1","10.1109/ICADEE51157.2020.9368936","https://www.scopus.com/inward/record.uri?eid=2-s2.0-85102980555&doi=10.1109%2fICADEE51157.2020.9368936&partnerID=40&md5=e040bcb063af0b61966bbe3f50ebb284","Department of Computer Science and Engineering, Saveetha School of Engineering, Saveetha Institute of Medical and Technical Sciences, Chennai, India; Department of Information Technology, Srm Ist Ramapuram, Chennai, India","Malathi K., Department of Computer Science and Engineering, Saveetha School of Engineering, Saveetha Institute of Medical and Technical Sciences, Chennai, India; Kavitha R., Department of Information Technology, Srm Ist Ramapuram, Chennai, India; Liza M.K., Department of Information Technology, Srm Ist Ramapuram, Chennai, India","Conference paper","Final","","Scopus","2-s2.0-85102980555"
"Udayakumar R.; Kaliyamurthie K.P.; Kavitha R.","Udayakumar, R. (55774455600); Kaliyamurthie, K.P. (55772930800); Kavitha, R. (56990849900)","55774455600; 55772930800; 56990849900","Addice: A methodology for the construction of DHTs in IPv7","2018","Eurasian Journal of Analytical Chemistry","13","3","","1189","1194","5","0","","https://www.scopus.com/inward/record.uri?eid=2-s2.0-85076867374&partnerID=40&md5=3d172c17d13d2ac2709b0f4c62287ff9","Department of IT, BIST, BIHER, Bharath Institute of Higher Education and Research, Selaiyur, Chennai, India; Department of Computer Science and Engineering, BIST, BIHER, Bharath Institute of Higher Education and Research, Selaiyur, Chennai, India","Udayakumar R., Department of IT, BIST, BIHER, Bharath Institute of Higher Education and Research, Selaiyur, Chennai, India; Kaliyamurthie K.P., Department of Computer Science and Engineering, BIST, BIHER, Bharath Institute of Higher Education and Research, Selaiyur, Chennai, India; Kavitha R., Department of Computer Science and Engineering, BIST, BIHER, Bharath Institute of Higher Education and Research, Selaiyur, Chennai, India","Article","Final","","Scopus","2-s2.0-85076867374"
"Michael G.; Kavitha R.; Varghese A.G.","Michael, G. (56924800500); Kavitha, R. (56990849900); Varghese, Allin Geo (57210979621)","56924800500; 56990849900; 57210979621","Packet switching network in throughput rate less code","2019","International Journal of Innovative Technology and Exploring Engineering","8","9 Special Issue 3","","818","821","3","0","10.35940/ijitee.I3171.0789S319","https://www.scopus.com/inward/record.uri?eid=2-s2.0-85072100685&doi=10.35940%2fijitee.I3171.0789S319&partnerID=40&md5=eb3fca8ac499aa9be0127f48f9d0ee3e","Department of Computer Science and Engineering, Bharath Institute of Higher education and research, Chennai, India","Michael G., Department of Computer Science and Engineering, Bharath Institute of Higher education and research, Chennai, India; Kavitha R., Department of Computer Science and Engineering, Bharath Institute of Higher education and research, Chennai, India; Varghese A.G., Department of Computer Science and Engineering, Bharath Institute of Higher education and research, Chennai, India","Article","Final","All Open Access; Bronze Open Access","Scopus","2-s2.0-85072100685"
"Sangeetha S.; Kavitha R.; Anuradha C.; Pothumani S.","Sangeetha, S. (58494620000); Kavitha, R. (56990849900); Anuradha, C. (56049807400); Pothumani, S. (55315128900)","58494620000; 56990849900; 56049807400; 55315128900","Clustering based loading that is bit making use of neural sites","2019","International Journal of Innovative Technology and Exploring Engineering","8","9 Special Issue 3","","685","689","4","0","10.35940/ijitee.I3141.0789S319","https://www.scopus.com/inward/record.uri?eid=2-s2.0-85072121048&doi=10.35940%2fijitee.I3141.0789S319&partnerID=40&md5=04fd43549d0e4d592ab17cb505191270","Department of Computer Science and Engineering, Bharath Institute of Higher Education and Research, Chennai, Tamilnadu, India","Sangeetha S., Department of Computer Science and Engineering, Bharath Institute of Higher Education and Research, Chennai, Tamilnadu, India; Kavitha R., Department of Computer Science and Engineering, Bharath Institute of Higher Education and Research, Chennai, Tamilnadu, India; Anuradha C., Department of Computer Science and Engineering, Bharath Institute of Higher Education and Research, Chennai, Tamilnadu, India; Pothumani S., Department of Computer Science and Engineering, Bharath Institute of Higher Education and Research, Chennai, Tamilnadu, India","Article","Final","All Open Access; Bronze Open Access","Scopus","2-s2.0-85072121048"
"Priya N.; Pothumani S.; Kavitha R.","Priya, N. (57190312145); Pothumani, S. (55315128900); Kavitha, R. (56990849900)","57190312145; 55315128900; 56990849900","Synthesis of rasterization-A new method","2019","International Journal of Engineering and Advanced Technology","8","6 Special Issue 2","","125","128","3","0","10.35940/ijeat.F1031.0886S219","https://www.scopus.com/inward/record.uri?eid=2-s2.0-85073715376&doi=10.35940%2fijeat.F1031.0886S219&partnerID=40&md5=5351b4c4033cfeac202400cf7d755c36","Department of CSE, Bharath Institute of Higher Education and Research, Tamilnadu, India","Priya N., Department of CSE, Bharath Institute of Higher Education and Research, Tamilnadu, India; Pothumani S., Department of CSE, Bharath Institute of Higher Education and Research, Tamilnadu, India; Kavitha R., Department of CSE, Bharath Institute of Higher Education and Research, Tamilnadu, India","Article","Final","All Open Access; Bronze Open Access","Scopus","2-s2.0-85073715376"
"Kavitha R.; Nedunchelian R.","Kavitha, R. (56990849900); Nedunchelian, R. (24829845300)","56990849900; 24829845300","An efficient method to automatic intelligent based search engine in health care cloud data using c-means with neuro fuzzy system","2014","International Journal of Applied Engineering Research","9","23","","22337","","","0","","https://www.scopus.com/inward/record.uri?eid=2-s2.0-84919784751&partnerID=40&md5=d7c923daca916a34b97c43d0b75e5035","Saveetha School of Engineering, Saveetha University, Tamil Nadu, Chennai, India; Department of Computer Science and Engineering, Bharath University, Chennai, Tamil Nadu, India; Department of Computer Science and Engineering, Saveetha School of Engineering, Saveetha University, Chennai, Tamil Nadu, India","Kavitha R., Saveetha School of Engineering, Saveetha University, Tamil Nadu, Chennai, India, Department of Computer Science and Engineering, Bharath University, Chennai, Tamil Nadu, India; Nedunchelian R., Department of Computer Science and Engineering, Saveetha School of Engineering, Saveetha University, Chennai, Tamil Nadu, India","Article","Final","","Scopus","2-s2.0-84919784751"
"Anuradha C.; Kavitha R.; Allin Geo A.V.; Srividhya S.R.","Anuradha, C. (56049807400); Kavitha, R. (56990849900); Allin Geo, A.V. (56102342800); Srividhya, S.R. (57213197175)","56049807400; 56990849900; 56102342800; 57213197175","Liveness detection with opencv","2019","International Journal of Innovative Technology and Exploring Engineering","8","9 Special Issue 3","","583","585","2","1","10.35940/ijitee.I3116.0789S319","https://www.scopus.com/inward/record.uri?eid=2-s2.0-85072117182&doi=10.35940%2fijitee.I3116.0789S319&partnerID=40&md5=235bcaf6556c46c0a634cb9322ea043b","Department of Computer Science & Engineering, Bharath Institute of Higher education and Research, Chennai, India","Anuradha C., Department of Computer Science & Engineering, Bharath Institute of Higher education and Research, Chennai, India; Kavitha R., Department of Computer Science & Engineering, Bharath Institute of Higher education and Research, Chennai, India; Allin Geo A.V., Department of Computer Science & Engineering, Bharath Institute of Higher education and Research, Chennai, India; Srividhya S.R., Department of Computer Science & Engineering, Bharath Institute of Higher education and Research, Chennai, India","Article","Final","All Open Access; Bronze Open Access","Scopus","2-s2.0-85072117182"
"Velvizhi R.; Vimala D.; Kavitha R.","Velvizhi, R. (57210977000); Vimala, D. (57210210076); Kavitha, R. (56990849900)","57210977000; 57210210076; 56990849900","Hypothesis and automata modified archetypes","2019","International Journal of Innovative Technology and Exploring Engineering","8","9 Special Issue 3","","1040","1043","3","0","10.35940/ijitee.I3223.0789S319","https://www.scopus.com/inward/record.uri?eid=2-s2.0-85072101313&doi=10.35940%2fijitee.I3223.0789S319&partnerID=40&md5=c5950079bcbfe9b8891f28dd8eed6aa7","Department of Computer Science and Engineering, Bharath Institute of Higher education and research, Chennai, India","Velvizhi R., Department of Computer Science and Engineering, Bharath Institute of Higher education and research, Chennai, India; Vimala D., Department of Computer Science and Engineering, Bharath Institute of Higher education and research, Chennai, India; Kavitha R., Department of Computer Science and Engineering, Bharath Institute of Higher education and research, Chennai, India","Article","Final","All Open Access; Bronze Open Access","Scopus","2-s2.0-85072101313"
"Shakeel M.; Lakshmana Rao C.; Shyam Prasad T.; Alam T.; Rawat N.; Kavitha R.","Shakeel, Mohammed (58174491100); Lakshmana Rao, Chintala (57211318875); Shyam Prasad, T. (58735262300); Alam, Tanweer (57189067051); Rawat, Navneet (57899782900); Kavitha, R. (56990849900)","58174491100; 57211318875; 58735262300; 57189067051; 57899782900; 56990849900","An Examination of Cybersecurity Threats and Authentication Systems","2023","2023 3rd International Conference on Advance Computing and Innovative Technologies in Engineering, ICACITE 2023","","","","2727","2731","4","0","10.1109/ICACITE57410.2023.10182687","https://www.scopus.com/inward/record.uri?eid=2-s2.0-85178317203&doi=10.1109%2fICACITE57410.2023.10182687&partnerID=40&md5=4cedab40efaa3ef5e69f6a13433376ef","Invertis University, Faculty of Computer Applications, Bareilly, India; Deemed to Be University, School of Law Gitam, Visakhapatnam, India; Anurag University, Department of Cse, Telangana, Hyderabad, India; Islamic University of Madinah, Faculty of Computer and Information Systems, Department of Computer Science, Madinah, Saudi Arabia; Graphic Era Deemed to Be University, Department of Management Studies, Uttarakhand, Dehradun, 248002, India; Bannari Amman Institute of Technology, Department of Computer Science and Engineering, Erode, Sathyamangalam, 638401, India","Shakeel M., Invertis University, Faculty of Computer Applications, Bareilly, India; Lakshmana Rao C., Deemed to Be University, School of Law Gitam, Visakhapatnam, India; Shyam Prasad T., Anurag University, Department of Cse, Telangana, Hyderabad, India; Alam T., Islamic University of Madinah, Faculty of Computer and Information Systems, Department of Computer Science, Madinah, Saudi Arabia; Rawat N., Graphic Era Deemed to Be University, Department of Management Studies, Uttarakhand, Dehradun, 248002, India; Kavitha R., Bannari Amman Institute of Technology, Department of Computer Science and Engineering, Erode, Sathyamangalam, 638401, India","Conference paper","Final","","Scopus","2-s2.0-85178317203"
"Kavitha G.; Kavitha R.; Jeya Priya D.","Kavitha, G. (56830309100); Kavitha, R. (56990849900); Jeya Priya, D. (57210221631)","56830309100; 56990849900; 57210221631","Decoupling kernels from symmetric encryption in rasterization","2019","International Journal of Engineering and Advanced Technology","8","6 Special Issue 2","","615","618","3","0","10.35940/ijeat.F1181.0886S219","https://www.scopus.com/inward/record.uri?eid=2-s2.0-85073775559&doi=10.35940%2fijeat.F1181.0886S219&partnerID=40&md5=e324cbaa85d64e999cbf23c175b061da","Department of CSE, Bharath Institute of Higher Education and Research, Chennai, Tamilnadu, India","Kavitha G., Department of CSE, Bharath Institute of Higher Education and Research, Chennai, Tamilnadu, India; Kavitha R., Department of CSE, Bharath Institute of Higher Education and Research, Chennai, Tamilnadu, India; Jeya Priya D., Department of CSE, Bharath Institute of Higher Education and Research, Chennai, Tamilnadu, India","Article","Final","All Open Access; Bronze Open Access","Scopus","2-s2.0-85073775559"
"Kunjachen L.M.; Kavitha R.","Kunjachen, Liza M. (57221600484); Kavitha, R. (56990849900)","57221600484; 56990849900","Comparative Study on Detection of Heart Disease using KNN Algorithm","2022","6th International Conference on Electronics, Communication and Aerospace Technology, ICECA 2022 - Proceedings","","","","14","19","5","0","10.1109/ICECA55336.2022.10009559","https://www.scopus.com/inward/record.uri?eid=2-s2.0-85147522082&doi=10.1109%2fICECA55336.2022.10009559&partnerID=40&md5=a381f6bfa7f5f69e3ee3322a83c5d569","Srm Institute of Science and Technology, Department of Information Technology, Ramapuram Campus, Chennai, India","Kunjachen L.M., Srm Institute of Science and Technology, Department of Information Technology, Ramapuram Campus, Chennai, India; Kavitha R., Srm Institute of Science and Technology, Department of Information Technology, Ramapuram Campus, Chennai, India","Conference paper","Final","","Scopus","2-s2.0-85147522082"
"Sadagopan S.; Kavitha R.; Sri Vidhya S.R.","Sadagopan, S. (57210976776); Kavitha, R. (56990849900); Sri Vidhya, S.R. (57213197175)","57210976776; 56990849900; 57213197175","Compelling unification of forward-error correction and the turing machine","2019","International Journal of Engineering and Advanced Technology","8","6 Special Issue 2","","569","571","2","0","10.35940/ijeat.F1056.0886S219","https://www.scopus.com/inward/record.uri?eid=2-s2.0-85073730528&doi=10.35940%2fijeat.F1056.0886S219&partnerID=40&md5=b1f0e5a63975b3a1e9cd8c9b75f05405","Department of Computer science and Engineering, Bharath Institute of Higher Education and Research, Chennai, Tamilnadu, India","Sadagopan S., Department of Computer science and Engineering, Bharath Institute of Higher Education and Research, Chennai, Tamilnadu, India; Kavitha R., Department of Computer science and Engineering, Bharath Institute of Higher Education and Research, Chennai, Tamilnadu, India; Sri Vidhya S.R., Department of Computer science and Engineering, Bharath Institute of Higher Education and Research, Chennai, Tamilnadu, India","Article","Final","All Open Access; Bronze Open Access","Scopus","2-s2.0-85073730528"
"Kavitha R.; Kavitha G.; Anuradha C.; Priya N.","Kavitha, R. (56990849900); Kavitha, G. (56830309100); Anuradha, C. (56049807400); Priya, N. (57190312145)","56990849900; 56830309100; 56049807400; 57190312145","A place and power effective square root carry choose adder design by 3t-xor gate and typical boolean logic","2019","International Journal of Innovative Technology and Exploring Engineering","8","9 Special Issue 3","","565","568","3","0","10.35940/ijitee.I3111.0789S319","https://www.scopus.com/inward/record.uri?eid=2-s2.0-85072110232&doi=10.35940%2fijitee.I3111.0789S319&partnerID=40&md5=ea0a2761c6574eeafebfdae8d9761477","Deparment of Computer Science and Engineering, Bharath Institute of Higher Education and Research, Tamilnadu, India","Kavitha R., Deparment of Computer Science and Engineering, Bharath Institute of Higher Education and Research, Tamilnadu, India; Kavitha G., Deparment of Computer Science and Engineering, Bharath Institute of Higher Education and Research, Tamilnadu, India; Anuradha C., Deparment of Computer Science and Engineering, Bharath Institute of Higher Education and Research, Tamilnadu, India; Priya N., Deparment of Computer Science and Engineering, Bharath Institute of Higher Education and Research, Tamilnadu, India","Article","Final","All Open Access; Bronze Open Access","Scopus","2-s2.0-85072110232"
"Anuradha C.; Pothumani S.; Kavitha R.","Anuradha, C. (56049807400); Pothumani, S. (55315128900); Kavitha, R. (56990849900)","56049807400; 55315128900; 56990849900","Adaptive, flexible symmetries","2019","International Journal of Engineering and Advanced Technology","8","6 Special Issue 2","","545","547","2","0","10.35940/ijeat.F1160.0886S219","https://www.scopus.com/inward/record.uri?eid=2-s2.0-85073733911&doi=10.35940%2fijeat.F1160.0886S219&partnerID=40&md5=1766a44efc7fa6d4fd39ba5ea5fd8895","Department of CSE, Bharath Institute of Higher education & research, Tamilnadu, India","Anuradha C., Department of CSE, Bharath Institute of Higher education & research, Tamilnadu, India; Pothumani S., Department of CSE, Bharath Institute of Higher education & research, Tamilnadu, India; Kavitha R., Department of CSE, Bharath Institute of Higher education & research, Tamilnadu, India","Article","Final","All Open Access; Bronze Open Access","Scopus","2-s2.0-85073733911"
"Geo A.V.A.; Kavitha R.; Velvizhi R.; Sangeetha S.","Geo, A. V.Allin (57210980803); Kavitha, R. (56990849900); Velvizhi, R. (57210977000); Sangeetha, S. (58494620000)","57210980803; 56990849900; 57210977000; 58494620000","Automatic and efficient allocation for examination seats using android application","2019","International Journal of Innovative Technology and Exploring Engineering","8","9 Special Issue 3","","520","523","3","0","10.35940/ijitee.I3100.0789S319","https://www.scopus.com/inward/record.uri?eid=2-s2.0-85072120108&doi=10.35940%2fijitee.I3100.0789S319&partnerID=40&md5=ed6b5767d7585077ad26c49308be4433","Department of CSE, Bharath Institute of Higher Education and Research, Chennai, Tamilnadu, India","Geo A.V.A., Department of CSE, Bharath Institute of Higher Education and Research, Chennai, Tamilnadu, India; Kavitha R., Department of CSE, Bharath Institute of Higher Education and Research, Chennai, Tamilnadu, India; Velvizhi R., Department of CSE, Bharath Institute of Higher Education and Research, Chennai, Tamilnadu, India; Sangeetha S., Department of CSE, Bharath Institute of Higher Education and Research, Chennai, Tamilnadu, India","Article","Final","All Open Access; Bronze Open Access","Scopus","2-s2.0-85072120108"
"Udayakumar R.; Kaliyamurthie K.P.; Kavitha R.","Udayakumar, R. (55774455600); Kaliyamurthie, K.P. (55772930800); Kavitha, R. (56990849900)","55774455600; 55772930800; 56990849900","The influence of optimal algorithms on robotics","2018","Eurasian Journal of Analytical Chemistry","13","3","","989","995","6","0","","https://www.scopus.com/inward/record.uri?eid=2-s2.0-85076867341&partnerID=40&md5=4df3aaba6ec259ec174a1a1f1c9bd078","Department of IT, BIST, BIHER, Bharath Institute of Higher Education and Research, Selaiyur, Chennai, India; Department of Computer Science and Engineering, BIST, BIHER, Bharath Institute of Higher Education and Research, Selaiyur, Chennai, India","Udayakumar R., Department of IT, BIST, BIHER, Bharath Institute of Higher Education and Research, Selaiyur, Chennai, India; Kaliyamurthie K.P., Department of Computer Science and Engineering, BIST, BIHER, Bharath Institute of Higher Education and Research, Selaiyur, Chennai, India; Kavitha R., Department of Computer Science and Engineering, BIST, BIHER, Bharath Institute of Higher Education and Research, Selaiyur, Chennai, India","Article","Final","","Scopus","2-s2.0-85076867341"
"Kavitha R.; Priya N.; Allin Geo A.V.","Kavitha, R. (56990849900); Priya, N. (57190312145); Allin Geo, A.V. (56102342800)","56990849900; 57190312145; 56102342800","An exploration unification in of Lambda calculus with Confirmed VOIP","2019","International Journal of Recent Technology and Engineering","8","2 Special Issue 8","","806","809","3","0","10.35940/ijrte.B1492.0882S819","https://www.scopus.com/inward/record.uri?eid=2-s2.0-85073298599&doi=10.35940%2fijrte.B1492.0882S819&partnerID=40&md5=9f9d26c074202444189c4996a2c4f2d7","Department of CSE, Bharath Institute of Higher Education and Research, Chennai, Tamilnadu, India","Kavitha R., Department of CSE, Bharath Institute of Higher Education and Research, Chennai, Tamilnadu, India; Priya N., Department of CSE, Bharath Institute of Higher Education and Research, Chennai, Tamilnadu, India; Allin Geo A.V., Department of CSE, Bharath Institute of Higher Education and Research, Chennai, Tamilnadu, India","Article","Final","All Open Access; Bronze Open Access","Scopus","2-s2.0-85073298599"
"Udayakumar R.; Kaliyamurthie K.P.; Kavitha R.","Udayakumar, R. (55774455600); Kaliyamurthie, K.P. (55772930800); Kavitha, R. (56990849900)","55774455600; 55772930800; 56990849900","Visualizing kernels using pseudorandom modalities","2018","Eurasian Journal of Analytical Chemistry","13","3","","968","974","6","0","","https://www.scopus.com/inward/record.uri?eid=2-s2.0-85076867464&partnerID=40&md5=52b503cce162807b27d4032856440566","Department of IT, BIST, BIHER, Bharath Institute of Higher Education and Research, Selaiyur, Chennai, India; Department of Computer Science and Engineering, BIST, BIHER, Bharath Institute of Higher Education and Research, Selaiyur, Chennai, India","Udayakumar R., Department of IT, BIST, BIHER, Bharath Institute of Higher Education and Research, Selaiyur, Chennai, India; Kaliyamurthie K.P., Department of Computer Science and Engineering, BIST, BIHER, Bharath Institute of Higher Education and Research, Selaiyur, Chennai, India; Kavitha R., Department of Computer Science and Engineering, BIST, BIHER, Bharath Institute of Higher Education and Research, Selaiyur, Chennai, India","Article","Final","","Scopus","2-s2.0-85076867464"
"Mary Linda I.; Shanmugapriya K.; Kavitha R.","Mary Linda, I. (57210213200); Shanmugapriya, K. (57210210500); Kavitha, R. (56990849900)","57210213200; 57210210500; 56990849900","The rapport sandwiched between markov models and BOSS","2019","International Journal of Recent Technology and Engineering","8","2 Special Issue 8","","691","694","3","0","10.35940/ijrte.B1468.0882S819","https://www.scopus.com/inward/record.uri?eid=2-s2.0-85073481336&doi=10.35940%2fijrte.B1468.0882S819&partnerID=40&md5=d6a1fa626b05cd7a67089dda8834203d","Dapartment of Computer Science and Engineering, Bharath Insitute of Higher Education and Research, Chennai, India","Mary Linda I., Dapartment of Computer Science and Engineering, Bharath Insitute of Higher Education and Research, Chennai, India; Shanmugapriya K., Dapartment of Computer Science and Engineering, Bharath Insitute of Higher Education and Research, Chennai, India; Kavitha R., Dapartment of Computer Science and Engineering, Bharath Insitute of Higher Education and Research, Chennai, India","Article","Final","All Open Access; Bronze Open Access","Scopus","2-s2.0-85073481336"
"Malathi K.; Kavitha R.; Rahul Varma N.","Malathi, K. (56294527300); Kavitha, R. (56990849900); Rahul Varma, N. (57211329549)","56294527300; 56990849900; 57211329549","Performance of machine learning for lane detection","2019","International Journal of Innovative Technology and Exploring Engineering","8","9 Special Issue 4","","187","192","5","0","10.35940/ijitee.I1128.0789S419","https://www.scopus.com/inward/record.uri?eid=2-s2.0-85073501401&doi=10.35940%2fijitee.I1128.0789S419&partnerID=40&md5=33981ee988a2618b728f93fb48193e8e","Saveetha School of Engineering, Saveetha Institute of Medical and Technical Sciences, Chennai, India; BIST, BIHER, Chennai, 73, Tamilnadu, India","Malathi K., Saveetha School of Engineering, Saveetha Institute of Medical and Technical Sciences, Chennai, India; Kavitha R., BIST, BIHER, Chennai, 73, Tamilnadu, India; Rahul Varma N., Saveetha School of Engineering, Saveetha Institute of Medical and Technical Sciences, Chennai, India","Article","Final","All Open Access; Bronze Open Access","Scopus","2-s2.0-85073501401"
"Nalini C.; Kavitha R.; Kavitha G.; Sangeetha S.","Nalini, C. (58541831300); Kavitha, R. (56990849900); Kavitha, G. (56830309100); Sangeetha, S. (58494620000)","58541831300; 56990849900; 56830309100; 58494620000","Practise mining to predict type of client performence","2019","International Journal of Innovative Technology and Exploring Engineering","8","9 Special Issue 3","","964","968","4","0","10.35940/ijitee.I3205.0789S319","https://www.scopus.com/inward/record.uri?eid=2-s2.0-85072120342&doi=10.35940%2fijitee.I3205.0789S319&partnerID=40&md5=a2c8351aa81bd78e18cba813208cafac","Department of computer science engineering, Bharath Institute of Higher Education and Research, Chennai, Thamilnadu, India","Nalini C., Department of computer science engineering, Bharath Institute of Higher Education and Research, Chennai, Thamilnadu, India; Kavitha R., Department of computer science engineering, Bharath Institute of Higher Education and Research, Chennai, Thamilnadu, India; Kavitha G., Department of computer science engineering, Bharath Institute of Higher Education and Research, Chennai, Thamilnadu, India; Sangeetha S., Department of computer science engineering, Bharath Institute of Higher Education and Research, Chennai, Thamilnadu, India","Article","Final","All Open Access; Bronze Open Access","Scopus","2-s2.0-85072120342"
"Kavitha R.J.; Satheesh N.","Kavitha, R.J. (56990849900); Satheesh, N. (56465940100)","56990849900; 56465940100","Secured wireless sensor network framework to support guaranteed successful data transmission","2019","Applied Mathematics and Information Sciences","13","2","","209","214","5","1","10.18576/AMIS/130208","https://www.scopus.com/inward/record.uri?eid=2-s2.0-85064906995&doi=10.18576%2fAMIS%2f130208&partnerID=40&md5=fb3444d68c93b604ca3267030aef662f","Department of ECE, University College of Engineering, Panruti, India; Department of CSE, Chalapathi Institute of Engineering and Technology, Gundur, India","Kavitha R.J., Department of ECE, University College of Engineering, Panruti, India; Satheesh N., Department of CSE, Chalapathi Institute of Engineering and Technology, Gundur, India","Article","Final","","Scopus","2-s2.0-85064906995"
"Abirami A.; Kavitha R.","Abirami, A. (57211921345); Kavitha, R. (56990849900)","57211921345; 56990849900","A New Benchmarking for Diabetic Retinopathy Using Machine Learning, Deep Learning and Image Processing Techniques","2022","Proceedings - IEEE International Conference on Advances in Computing, Communication and Applied Informatics, ACCAI 2022","","","","","","","3","10.1109/ACCAI53970.2022.9752482","https://www.scopus.com/inward/record.uri?eid=2-s2.0-85128814158&doi=10.1109%2fACCAI53970.2022.9752482&partnerID=40&md5=aa9b9f58616ce40178d7608b96636c1f","Easwari Engineering College, Department of CSE, Chennai, India; SRM Institute of Science and Technology, Department of IT, Chennai, India","Abirami A., Easwari Engineering College, Department of CSE, Chennai, India; Kavitha R., SRM Institute of Science and Technology, Department of IT, Chennai, India","Conference paper","Final","","Scopus","2-s2.0-85128814158"
"Pothumani S.; Kavitha R.","Pothumani, S. (55315128900); Kavitha, R. (56990849900)","55315128900; 56990849900","A novel approach for study of multi-processors","2019","Journal of Advanced Research in Dynamical and Control Systems","11","9 Special Issue","","971","977","6","0","10.5373/JARDCS/V11/20192658","https://www.scopus.com/inward/record.uri?eid=2-s2.0-85074086766&doi=10.5373%2fJARDCS%2fV11%2f20192658&partnerID=40&md5=304774005e6a5ecefc5626968922fd94","Department of Computer Science and Engineering, BIST, BIHER, Bharath Institute of Higher Education & Research, Selaiyur, Chennai, India","Pothumani S., Department of Computer Science and Engineering, BIST, BIHER, Bharath Institute of Higher Education & Research, Selaiyur, Chennai, India; Kavitha R., Department of Computer Science and Engineering, BIST, BIHER, Bharath Institute of Higher Education & Research, Selaiyur, Chennai, India","Article","Final","","Scopus","2-s2.0-85074086766"
"Kavitha G.; Kavitha R.; Allin Geo A.V.","Kavitha, G. (56830309100); Kavitha, R. (56990849900); Allin Geo, A.V. (56102342800)","56830309100; 56990849900; 56102342800","Network monitoring on cloud environment using SDN","2019","International Journal of Engineering and Advanced Technology","8","6 Special Issue 2","","171","173","2","1","10.35940/ijeat.F1044.0886S219","https://www.scopus.com/inward/record.uri?eid=2-s2.0-85073734880&doi=10.35940%2fijeat.F1044.0886S219&partnerID=40&md5=f350e2e63dabf748a8564c51192317dc","Department of Computer science and Engineering, Bharath Institute of Higher Education and Research, Chennai, Tamilnadu, India","Kavitha G., Department of Computer science and Engineering, Bharath Institute of Higher Education and Research, Chennai, Tamilnadu, India; Kavitha R., Department of Computer science and Engineering, Bharath Institute of Higher Education and Research, Chennai, Tamilnadu, India; Allin Geo A.V., Department of Computer science and Engineering, Bharath Institute of Higher Education and Research, Chennai, Tamilnadu, India","Article","Final","All Open Access; Bronze Open Access","Scopus","2-s2.0-85073734880"
"Velvizhi R.; Kavitha R.; Geetha C.; Sri Vidhya S.R.","Velvizhi, R. (57210977000); Kavitha, R. (56990849900); Geetha, C. (57210212229); Sri Vidhya, S.R. (57213197175)","57210977000; 56990849900; 57210212229; 57213197175","Graphene a fundamental of interaction globe","2019","International Journal of Innovative Technology and Exploring Engineering","8","9 Special Issue 3","","661","665","4","0","10.35940/ijitee.I3136.0789S319","https://www.scopus.com/inward/record.uri?eid=2-s2.0-85072113377&doi=10.35940%2fijitee.I3136.0789S319&partnerID=40&md5=18983a75a59936516b26b415750cc4df","Department of Computer Science & Engineering, Bharath Institute of Higher Education and Research, Chennai, Tamilnadu, India","Velvizhi R., Department of Computer Science & Engineering, Bharath Institute of Higher Education and Research, Chennai, Tamilnadu, India; Kavitha R., Department of Computer Science & Engineering, Bharath Institute of Higher Education and Research, Chennai, Tamilnadu, India; Geetha C., Department of Computer Science & Engineering, Bharath Institute of Higher Education and Research, Chennai, Tamilnadu, India; Sri Vidhya S.R., Department of Computer Science & Engineering, Bharath Institute of Higher Education and Research, Chennai, Tamilnadu, India","Article","Final","All Open Access; Bronze Open Access","Scopus","2-s2.0-85072113377"
"Kavitha R.; Srividhya S.R.","Kavitha, R. (56990849900); Srividhya, S.R. (57213197175)","56990849900; 57213197175","Authenticated toll collection and tracking of vehicles using RFID","2019","International Journal of Innovative Technology and Exploring Engineering","8","8","","3414","3416","2","2","","https://www.scopus.com/inward/record.uri?eid=2-s2.0-85067937596&partnerID=40&md5=55aec1b7480d5bd76ee79764839b2fbe","Bharath Institute of Higher Education & Research /BIST/, Chennai, India","Kavitha R., Bharath Institute of Higher Education & Research /BIST/, Chennai, India; Srividhya S.R., Bharath Institute of Higher Education & Research /BIST/, Chennai, India","Article","Final","","Scopus","2-s2.0-85067937596"
"Kavitha R.; Kavitha G.; Chary T.K.; Srikanth S.","Kavitha, R. (56990849900); Kavitha, G. (56830309100); Chary, Tangellapally Kranthikumar (57210976263); Srikanth, Sitaroj (57210979639)","56990849900; 56830309100; 57210976263; 57210979639","Performances of different detection approaches to complimentary area optics","2019","International Journal of Innovative Technology and Exploring Engineering","8","9 Special Issue 3","","674","678","4","0","10.35940/ijitee.I3139.0789S319","https://www.scopus.com/inward/record.uri?eid=2-s2.0-85072113258&doi=10.35940%2fijitee.I3139.0789S319&partnerID=40&md5=9f144cf85016888fc8bd3bdd15c4cc0c","Department of Computer Science & Engineering, Bharath Institute of Higher Education and Research, Chennai, India","Kavitha R., Department of Computer Science & Engineering, Bharath Institute of Higher Education and Research, Chennai, India; Kavitha G., Department of Computer Science & Engineering, Bharath Institute of Higher Education and Research, Chennai, India; Chary T.K., Department of Computer Science & Engineering, Bharath Institute of Higher Education and Research, Chennai, India; Srikanth S., Department of Computer Science & Engineering, Bharath Institute of Higher Education and Research, Chennai, India","Article","Final","All Open Access; Bronze Open Access","Scopus","2-s2.0-85072113258"
"Kavitha G.; Kavitha R.","Kavitha, G. (56830309100); Kavitha, R. (56990849900)","56830309100; 56990849900","An analysis to improve throughput of high-power hubs in mobile ad hoc network","2016","Journal of Chemical and Pharmaceutical Sciences","9","2","","E361","E363","2","221","","https://www.scopus.com/inward/record.uri?eid=2-s2.0-85046940170&partnerID=40&md5=0fc8a0475fd73b5b0e74342cbef95501","Department of CSE, Bharath University, Chennai, Tamil Nadu, India","Kavitha G., Department of CSE, Bharath University, Chennai, Tamil Nadu, India; Kavitha R., Department of CSE, Bharath University, Chennai, Tamil Nadu, India","Article","Final","","Scopus","2-s2.0-85046940170"
"Kavitha R.; Kavitha G.","Kavitha, R. (56990849900); Kavitha, G. (56830309100)","56990849900; 56830309100","Rationale of computer security using a-priori algorithm","2016","Journal of Chemical and Pharmaceutical Sciences","9","2","","E443","E445","2","0","","https://www.scopus.com/inward/record.uri?eid=2-s2.0-85046936672&partnerID=40&md5=db0ceedb4d1a6982960e4f1b099e1d1a","Department of CSE, Bharath University, Chennai, Tamil Nadu, India","Kavitha R., Department of CSE, Bharath University, Chennai, Tamil Nadu, India; Kavitha G., Department of CSE, Bharath University, Chennai, Tamil Nadu, India","Article","Final","","Scopus","2-s2.0-85046936672"
"Kavitha R.J.; Saravanan K.K.","Kavitha, R.J. (56990849900); Saravanan, K.K. (58615014100)","56990849900; 58615014100","Digital brain: Model-based framework for dependable electroencephalogram sensing and actuation in internet of things system","2021","International Journal of Reconfigurable and Embedded Systems","10","3","","168","175","7","1","10.11591/IJRES.V10.I3.PP168-175","https://www.scopus.com/inward/record.uri?eid=2-s2.0-85122956528&doi=10.11591%2fIJRES.V10.I3.PP168-175&partnerID=40&md5=5267066319c6e2fd964f182d4e798846","Department of Electronics and Communication Engineering, Anna University, University College of Engineering, Panruti, India; Department of Electrical and Electronics Engineering, Anna University, University College of Engineering, Thirukkuvalai, India","Kavitha R.J., Department of Electronics and Communication Engineering, Anna University, University College of Engineering, Panruti, India; Saravanan K.K., Department of Electrical and Electronics Engineering, Anna University, University College of Engineering, Thirukkuvalai, India","Article","Final","All Open Access; Gold Open Access; Green Open Access","Scopus","2-s2.0-85122956528"
"Pothumani S.; Kavitha R.","Pothumani, S. (55315128900); Kavitha, R. (56990849900)","55315128900; 56990849900","A new awareness scheme for wireless sensor networks","2019","Journal of Advanced Research in Dynamical and Control Systems","11","9 Special Issue","","965","970","5","0","10.5373/JARDCS/V11/20192657","https://www.scopus.com/inward/record.uri?eid=2-s2.0-85074067424&doi=10.5373%2fJARDCS%2fV11%2f20192657&partnerID=40&md5=a8fa4a53053997812aba2254fb0318b1","Department of Computer Science and Engineering, BIST, BIHER, Bharath Institute of Higher Education & Research, Selaiyur, Chennai, India","Pothumani S., Department of Computer Science and Engineering, BIST, BIHER, Bharath Institute of Higher Education & Research, Selaiyur, Chennai, India; Kavitha R., Department of Computer Science and Engineering, BIST, BIHER, Bharath Institute of Higher Education & Research, Selaiyur, Chennai, India","Article","Final","","Scopus","2-s2.0-85074067424"
"Udayakumar R.; Kaliyamurthie K.P.; Kavitha R.","Udayakumar, R. (55774455600); Kaliyamurthie, K.P. (55772930800); Kavitha, R. (56990849900)","55774455600; 55772930800; 56990849900","A trusted management model for secure cloud storage","2018","Eurasian Journal of Analytical Chemistry","13","3","","1195","1200","5","0","","https://www.scopus.com/inward/record.uri?eid=2-s2.0-85076867192&partnerID=40&md5=f1a58edd39775f0e1bbe68366e4a7da5","Department of IT, BIST, BIHER, Bharath Institute of Higher Education and Research, Selaiyur, Chennai, India; Department of Computer Science and Engineering, BIST, BIHER, Bharath Institute of Higher Education and Research, Selaiyur, Chennai, India","Udayakumar R., Department of IT, BIST, BIHER, Bharath Institute of Higher Education and Research, Selaiyur, Chennai, India; Kaliyamurthie K.P., Department of Computer Science and Engineering, BIST, BIHER, Bharath Institute of Higher Education and Research, Selaiyur, Chennai, India; Kavitha R., Department of Computer Science and Engineering, BIST, BIHER, Bharath Institute of Higher Education and Research, Selaiyur, Chennai, India","Article","Final","","Scopus","2-s2.0-85076867192"
"Kavitha R.J.; Avudaiyappan T.; Jayasankar T.; Selvi J.A.V.","Kavitha, R.J. (56990849900); Avudaiyappan, T. (56786390500); Jayasankar, T. (56826107100); Selvi, J. Arputha Vijaya (55890499700)","56990849900; 56786390500; 56826107100; 55890499700","Industrial Internet of Things (IIoT) with Cloud Teleophthalmology-Based Age-Related Macular Degeneration (AMD) Disease Prediction Model","2021","Internet of Things","","","","161","172","11","2","10.1007/978-3-030-52624-5_11","https://www.scopus.com/inward/record.uri?eid=2-s2.0-85101153321&doi=10.1007%2f978-3-030-52624-5_11&partnerID=40&md5=54990706fd812746e4ebd98a80bb1c21","University College of Engineering, Panruti, Panruti, Tamil Nadu, India; K.Ramakrishnan College of Technology, Tiruchirappalli, Tamil Nadu, India; University College of Engineering, BIT Campus, Anna University, Tiruchirappalli, Tamil Nadu, India; Kings College of Engineering, Punalkulam, Tamil Nadu, India","Kavitha R.J., University College of Engineering, Panruti, Panruti, Tamil Nadu, India; Avudaiyappan T., K.Ramakrishnan College of Technology, Tiruchirappalli, Tamil Nadu, India; Jayasankar T., University College of Engineering, BIT Campus, Anna University, Tiruchirappalli, Tamil Nadu, India; Selvi J.A.V., Kings College of Engineering, Punalkulam, Tamil Nadu, India","Book chapter","Final","","Scopus","2-s2.0-85101153321"
"Udayakumar R.; Kaliyamurthie K.P.; Kavitha R.","Udayakumar, R. (55774455600); Kaliyamurthie, K.P. (55772930800); Kavitha, R. (56990849900)","55774455600; 55772930800; 56990849900","The location-identity split no longer considered harmful","2018","Eurasian Journal of Analytical Chemistry","13","3","","996","1002","6","0","","https://www.scopus.com/inward/record.uri?eid=2-s2.0-85076867356&partnerID=40&md5=bccc8258f44ad83d6c4ba632fec1587d","Department of IT, BIST, BIHER, Bharath Institute of Higher Education and Research, Selaiyur, Chennai, India; Department of Computer Science and Engineering, BIST, BIHER, Bharath Institute of Higher Education and Research, Selaiyur, Chennai, India","Udayakumar R., Department of IT, BIST, BIHER, Bharath Institute of Higher Education and Research, Selaiyur, Chennai, India; Kaliyamurthie K.P., Department of Computer Science and Engineering, BIST, BIHER, Bharath Institute of Higher Education and Research, Selaiyur, Chennai, India; Kavitha R., Department of Computer Science and Engineering, BIST, BIHER, Bharath Institute of Higher Education and Research, Selaiyur, Chennai, India","Article","Final","","Scopus","2-s2.0-85076867356"
"Abirami A.; Kavitha R.","Abirami, A. (57211921345); Kavitha, R. (56990849900)","57211921345; 56990849900","A novel automated komodo Mlipir optimization-based attention BiLSTM for early detection of diabetic retinopathy","2023","Signal, Image and Video Processing","17","5","","1945","1953","8","6","10.1007/s11760-022-02407-9","https://www.scopus.com/inward/record.uri?eid=2-s2.0-85146389772&doi=10.1007%2fs11760-022-02407-9&partnerID=40&md5=132579b62207e68fe86f33c6bdac0189","Research Scholar, Department of Computer Science and Engineering, SRM Institute of Science and Technology, SRM University-Kattankulathur, Kattankulathur, India; Department of Information Technology, SRM Institute of Science and Technology, SRM University-Ramapuram, Chennai, India","Abirami A., Research Scholar, Department of Computer Science and Engineering, SRM Institute of Science and Technology, SRM University-Kattankulathur, Kattankulathur, India; Kavitha R., Department of Information Technology, SRM Institute of Science and Technology, SRM University-Ramapuram, Chennai, India","Article","Final","","Scopus","2-s2.0-85146389772"
"Kunjachen L.M.; Kavitha R.","Kunjachen, Liza M (57221600484); Kavitha, R. (56990849900)","57221600484; 56990849900","Predictive and Prescriptive Analytics on Clinical Data using Improved K-NNtechnique","2022","Proceedings of the 2022 International Conference on Innovative Computing, Intelligent Communication and Smart Electrical Systems, ICSES 2022","","","","","","","0","10.1109/ICSES55317.2022.9914263","https://www.scopus.com/inward/record.uri?eid=2-s2.0-85141492296&doi=10.1109%2fICSES55317.2022.9914263&partnerID=40&md5=f2851f8d2b7d9ca5d64883a5c2ed4c99","SRM Institute of Science & Technology, Department of Information Technology, Chennai, India","Kunjachen L.M., SRM Institute of Science & Technology, Department of Information Technology, Chennai, India; Kavitha R., SRM Institute of Science & Technology, Department of Information Technology, Chennai, India","Conference paper","Final","","Scopus","2-s2.0-85141492296"
"Kalyanaraman B.; Kavitha R.","Kalyanaraman, B. (57957626000); Kavitha, R. (56990849900)","57957626000; 56990849900","Privacy Preserving Security Integrating Method with Varying Key Encryption Model in Cloud","2022","Proceedings of the 2022 International Conference on Innovative Computing, Intelligent Communication and Smart Electrical Systems, ICSES 2022","","","","","","","0","10.1109/ICSES55317.2022.9914177","https://www.scopus.com/inward/record.uri?eid=2-s2.0-85141453320&doi=10.1109%2fICSES55317.2022.9914177&partnerID=40&md5=3061956d3e9ba7a700ebdd0246662ca0","SRM Institute of Science and Technology, Department of Information Technology, Ramapuram, Chennai, India","Kalyanaraman B., SRM Institute of Science and Technology, Department of Information Technology, Ramapuram, Chennai, India; Kavitha R., SRM Institute of Science and Technology, Department of Information Technology, Ramapuram, Chennai, India","Conference paper","Final","","Scopus","2-s2.0-85141453320"
"Kavitha R.; Pothumani S.; Mary Linda I.","Kavitha, R. (56990849900); Pothumani, S. (55315128900); Mary Linda, I. (57210213200)","56990849900; 55315128900; 57210213200","Towards the construction of web services the perception of transformative programming","2019","International Journal of Engineering and Advanced Technology","8","6 Special Issue 2","","746","749","3","0","10.35940/ijeat.F1272.0886S219","https://www.scopus.com/inward/record.uri?eid=2-s2.0-85073758194&doi=10.35940%2fijeat.F1272.0886S219&partnerID=40&md5=6cfd1589734ef763474952c8e0ea5e4d","Department of Computer science and Engineering, Bharath Institute of Higher Education and Research, Chennai, Tamilnadu, India","Kavitha R., Department of Computer science and Engineering, Bharath Institute of Higher Education and Research, Chennai, Tamilnadu, India; Pothumani S., Department of Computer science and Engineering, Bharath Institute of Higher Education and Research, Chennai, Tamilnadu, India; Mary Linda I., Department of Computer science and Engineering, Bharath Institute of Higher Education and Research, Chennai, Tamilnadu, India","Article","Final","All Open Access; Bronze Open Access","Scopus","2-s2.0-85073758194"
"Kavitha R.; Mary Linda I.; Nandhini P.","Kavitha, R. (56990849900); Mary Linda, I. (57210213200); Nandhini, P. (57681830800)","56990849900; 57210213200; 57681830800","A novel work on markov models","2019","International Journal of Recent Technology and Engineering","8","2 Special Issue 8","","810","813","3","0","10.35940/ijrte.B1493.0882S819","https://www.scopus.com/inward/record.uri?eid=2-s2.0-85073447347&doi=10.35940%2fijrte.B1493.0882S819&partnerID=40&md5=d50f25989a029c6e30c28fb12f78377c","Dapartment of Computer Science and Engineering, Bharath Insitute of Higher Education and Research, Chennai, India","Kavitha R., Dapartment of Computer Science and Engineering, Bharath Insitute of Higher Education and Research, Chennai, India; Mary Linda I., Dapartment of Computer Science and Engineering, Bharath Insitute of Higher Education and Research, Chennai, India; Nandhini P., Dapartment of Computer Science and Engineering, Bharath Insitute of Higher Education and Research, Chennai, India","Article","Final","All Open Access; Bronze Open Access","Scopus","2-s2.0-85073447347"
